case_id,kind,input,latency_s,theory_validity,relevance,diversity,explainability,groundedness,usefulness,comprehensibility,actionability,comment
gen.starter.001,starter,我想写一首关于毕业的歌，有点伤感但最后是释然的感觉。,7.8,5,5,,5,5,5,4,5,调内和弦进行与主副歌情绪安排均成立；和弦名等有少数术语但配了通俗解释
gen.starter.002,starter,（仅选择式输入）,4.4,5,5,,5,5,5,4,5,主副歌均使用调内和弦且情绪说明基本成立；即使没有文字意图仍给出完整方案
gen.starter.003,starter,（仅选择式输入）,4.3,5,5,,5,5,5,4,5,和弦均可归入 C 大调或 A 小调语境；严格保持用户选定的 60 BPM
gen.starter.004,starter,想要轻快一点的感觉,3.7,5,5,,5,5,5,4,5,常见调内进行与 IV–V–I 收束使用恰当；准确回应轻快目标并保留 100 BPM
gen.starter.005,starter,想写一首关于夏天的民谣，用吉他弹唱的,4.2,5,5,,5,5,5,4,5,C–G–Am–F 与 F–C–G–C 均为稳妥的调内进行；明确回应夏天民谣和吉他弹唱需求
gen.starter.006,starter,想写一首又温柔又有点忧伤的歌,4.0,5,5,,5,5,5,4,5,Am 开头与 C 开头的段落对比在和声上成立；兼容温柔与忧伤的复合需求
gen.starter.007,starter,随便写首歌,3.8,4,5,,5,5,4,4,5,主体进行成立但建议把结尾 Am 换成 G 并称其结束感更强并不准确；默认温暖方向也比较通用
gen.starter.008,starter,我完全不会乐理，想写第一首歌,4.1,5,5,,5,5,5,4,5,C–G–Am–F 与 F–G–C–C 的功能关系成立；对零基础用户的说明直接且可照做
gen.advice.001,advice,保持温暖，但不要太普通 / C | G | Am | F,7.8,4,5,4,5,4,5,4,5,加七音转位和借用和弦的方向都成立但 A 与 C 的和弦串漏写 F/A导致所称低音线不成立；方案 C 部分建立在方案 A 上而有重叠
gen.advice.002,advice,想要结尾更有收束感 / C | G | Am | F,6.4,5,5,5,5,5,5,4,5,V–I、IV–V–I 与借用 iv–I 的终止方向均成立；每个方案都有具体和弦串
gen.advice.003,advice,想让它更有层次，不要太平 / Am | F | C | G,7.4,2,5,5,5,4,4,4,4,低音方案把 A–A–G–B 夸作下行且 Gm 被错误称为平行小调借用的 iv；因此相关依据和可用性需要扣分
gen.advice.004,advice,保持温暖但更有记忆点 / C | G | Am | F,8.3,3,5,4,4,4,4,3,3,建议 B 的和弦串没有包含文字所说的 E7 和 Fm；建议 C 也没有提供移调后的具体音高，整体方法可行但细节冲突
gen.advice.005,advice,再丰富一点 / Cmaj7 | G | Am7 | Fmaj7,8.1,3,5,5,4,4,4,4,4,建议 A 标题和解释说加入 G7但和弦串只写了 G/B且低音线也未完全下行；其余方案基本成立
gen.advice.006,advice,我不懂乐理，就是觉得听着有点平淡 / C | G | Am | F,7.0,4,5,5,5,5,5,4,5,和弦扩展借用 iv 与放慢速度的方向均成立；但把 C–B–A–F 概括成完整下行线略有夸大
gen.advice.007,advice,想让它更适合毕业的感觉 / C | G | Am | F,7.5,3,5,5,5,4,4,4,5,分析错误地说原进行没有小调和弦因为其中已有 Am；三个修改方向本身大致成立
gen.advice.008,advice,想增加色彩 / G | D | Em | C,8.1,4,5,5,5,4,5,4,5,A 和 B 的七和弦与转位方向成立；C 中 A7 实际是 V/V 而不是依据所写的 V/vi但作为非解决性插入仍可成立
